user_id,first_name,last_name,nuid
610b3f6c-1e79-45bd-bce3-4cdc5209ee08,Jeffery,Sloan,66175732
bed55d81-11d7-4032-a580-62bc12dd1a6f,Madeline,Smith,19637766
5d9b209d-d65f-4506-93a1-782320adebf9,Shannon,Leonard,69269080
f960b837-8ffa-44fb-ba10-d69983c378c0,Carolyn,Kim,67566582
119c68dc-9fa7-40a6-a6a9-7077a7bbcbdf,Kimberly,Wilcox,58068093
c28c1e5f-575a-44a7-8291-dd40b721e84e,Daniel,Torres,76420507
3cd02299-7586-4625-a0f7-1012bb0af873,Philip,Davis,58802312
4e4f2ea6-6768-4014-a392-eb104b2bacc0,Nicole,Smith,92062246
f3678311-f7d7-426e-a0f3-a389acbc108f,Catherine,Pope,38460312
b5ef2bed-796f-40d5-bf0a-5d9341e1c464,Angela,Peters,43291482
b94727dc-2c2f-4ddc-9603-130be3973abe,Elizabeth,Williams,89452645
741048c7-186f-4430-b42d-a4d0412334f0,Andrea,Acevedo,10159773
d510eae4-324e-4477-93cb-b93539d1141a,Brian,Morris,48585731
04f27439-0f9e-4623-b3d1-8b612ea0de5b,Donna,Miller,14071667
e179076b-06cd-4a25-8c9c-b419b05a66bd,Mike,Nelson,91482214
6373899a-0389-4ac9-a803-e91f8f8ed5a9,Carrie,Watts,10598891
700911ee-1340-4fae-9a52-0929735aa105,Douglas,Brown,11270986
bd6fdd32-0071-4cca-8bbf-3159cab3f025,Melissa,Ward,62153434
9c85a9e2-9a9a-4261-9d12-7d9788b0d908,James,Schultz,93442173
030edbda-f601-4aa9-a9cf-a6cc0440bb1d,Patrick,Williams,64157254
bae064df-301b-4ee5-8066-1214c4e1fbe1,Gina,Ball,85055955
dd93c236-1dbf-4010-a0a3-272690e8a752,Michael,Garrett,89349806
c2cbfb8c-ecc5-46e4-ab45-3fab61be93e4,Drew,Tucker,74723662
eeb267a9-ed92-4235-afa0-35479de15e12,Melissa,Parker,91195029
470da108-d926-447c-8649-a18ff42a5d06,Kristine,Hall,82601822
0a58ac18-a621-4d6e-98b0-48fdfafa3dd0,Stephanie,Mason,51892818
81ba9b9e-9056-4677-aba6-74056bbcf16d,Donna,May,78006381
879a4123-7797-4505-ba68-2b8eb6f2485e,Richard,Beard,89420688
6d2d7879-4f23-4f5f-96df-b6eba0b8075e,Gary,Soto,96945909
54be74fe-d59c-441b-aabb-560d1e348a6c,Steven,Hanna,28070504
5dfbf508-f0f4-41af-9fe4-f6b96fd7fe43,Leslie,Baird,64745116
edabccb6-c700-4dcd-ad2f-ff2bf84bd431,Ronald,Smith,31751017
6ee954f0-f6a7-4909-bf19-104c333da917,Andrea,Gaines,59324351
f63f96af-7526-47ff-876d-ab025703b15b,Nicole,Maxwell,11307432
b64678d6-8fc2-4fa4-af4c-2ef525db4173,Richard,Lopez,58926292
fc150035-0d5b-4e79-b0dc-cef653721b72,Brian,Henderson,89152899
e70dd138-4b9d-4f9c-9153-1cf87b8750c1,Amanda,White,33420197
9bc5ae08-b488-443f-ae16-883d0e156803,Richard,Jones,79470211
5f2cdb9e-f5e7-4438-9797-91139de835e3,Colleen,Parker,84790175
8275b8c0-1ee1-48ca-b7ac-9f372441493b,Rebecca,Turner,61175917
a1317e58-f064-4d93-bad0-2706cb351ebd,Pamela,Mitchell,95342106
dce4e918-fcc7-4df4-a647-5604ca374b83,Jamie,King,61997017
f27a9fe6-6fe7-4b89-a12b-1d62ce6918f4,Kimberly,Gregory,19808405
f1345b51-4099-44c7-94a6-17912038618f,Edward,Murray,23211771
cab934e6-8a5f-44e6-b934-d09cbf129c0e,Cheryl,Lyons,47795960
8e88a04b-07f6-4593-bdce-c3398e46f5cd,Samantha,Barber,68146227
dad9f2ae-1245-4549-b018-f609bed61318,Summer,Hill,30362298
6b52d639-5032-4e79-beb5-8f56f9f16a0c,Kristina,Watson,93220766
560a1b32-b5f2-4abf-908c-82c49e8314e0,Charles,Hernandez,48525072
85959171-2a10-4d2e-ab3d-ca66cebc4a35,Jennifer,Brooks,95747098
